P_Tx_dBm;L_cable;shadow_std;lat;lon;ci;distance;rsrpPhone;rsrpLos;rsrpNlos;rsrpLosLib;rsrpNlosLib;diff_nlos;diff_nlos_lib
40;3;8;55.0133359;82.9527519;138256652;135.925497354667;-78;-43.5217587956819;-73.1337179594013;-43.5217649269693;-67.1862493301372;-4.86628204059873;-10.8137506698628
40;3;8;55.013324;82.9527813;138256652;137.861281058069;-78;-43.653001189528;-66.9159504801293;-43.6530059465947;-60.5273113668254;-11.0840495198707;-17.4726886331746
40;3;8;55.013324;82.9527813;138256652;137.861281058069;-78;-43.653001189528;-56.6623294105197;-43.6530059465947;-64.458870638258;-21.3376705894803;-13.541129361742
40;3;8;55.0133038;82.9528239;138256652;140.707092893407;-78;-43.8428178500302;-65.741796930317;-43.8428202733476;-64.4875485792056;-12.258203069683;-13.5124514207944
40;3;8;55.0133038;82.9528239;138256652;140.707092893407;-78;-43.8428178500302;-57.4401258301216;-43.8428202733476;-56.0407677579609;-20.5598741698784;-21.9592322420391
40;3;8;55.0132862;82.9528714;138256652;143.87113096038;-78;-44.0496438540272;-65.6961100171719;-44.0496442464799;-53.6485784696214;-12.3038899828281;-24.3514215303786
40;3;8;55.0132862;82.9528714;138256652;143.87113096038;-78;-44.0496438540272;-69.3235870832322;-44.0496442464799;-55.8232058250619;-8.67641291676776;-22.1767941749381
40;3;8;55.0436165;82.9227836;138256652;3800.68581032118;-78;-82.6270387347303;-123.232595926172;-95.0375765935452;-131.973625028531;45.2325959261718;53.9736250285305
40;3;8;55.0132285;82.9530163;138256652;153.694582457777;-74;-44.6653245039551;-71.6030694311001;-44.6653182683653;-67.2231851773185;-2.3969305688999;-6.77681482268154
40;3;8;55.0132285;82.9530163;138256652;153.694582457777;-74;-44.6653245039551;-66.9412738745844;-44.6653182683653;-70.8122825854519;-7.05872612541559;-3.18771741454808
40;3;8;55.0132091;82.9530518;138256652;156.204504151965;-74;-44.816614100449;-53.2814622300514;-44.8166056557667;-62.5292864367783;-20.7185377699486;-11.4707135632217
40;3;8;55.0132091;82.9530518;138256652;156.204504151965;-74;-44.816614100449;-80.0868677296651;-44.8166056557667;-79.553641724709;6.08686772966509;5.55364172470902
40;3;8;55.0132013;82.9530919;138256652;158.852114197619;-74;-44.9737055277299;-61.0913871701279;-44.9736961906362;-65.940867578764;-12.9086128298721;-8.05913242123604
40;3;8;55.0132013;82.9530919;138256652;158.852114197619;-74;-44.9737055277299;-55.4024164834397;-44.9736961906362;-66.2245035456531;-18.5975835165603;-7.77549645434688
40;3;8;55.0132091;82.9531107;138256652;159.929631510268;-74;-45.0369219573925;-70.562902210519;-45.0369134976294;-71.7811131543198;-3.43709778948104;-2.21888684568017
40;3;8;55.0132091;82.9531107;138256652;159.929631510268;-74;-45.0369219573925;-77.1977445451516;-45.0369134976294;-69.0475976096761;3.19774454515164;-4.95240239032391
40;3;8;55.0132111;82.9531084;138256652;159.756448241388;-74;-45.026789095594;-57.0991967072814;-45.0267808631787;-69.7565734936764;-16.9008032927186;-4.24342650632356
40;3;8;55.0132113;82.9531081;138256652;159.734715262149;-74;-45.025516767624;-64.353302789639;-45.0255085579682;-63.2950090740508;-9.64669721036101;-10.7049909259492
40;3;8;55.0132113;82.9531079;138256652;159.722061679767;-74;-45.0247759043431;-71.7577455638873;-45.024767694735;-58.522603296232;-2.24225443611266;-15.477396703768
40;3;8;55.0132113;82.9531079;138256652;159.722061679767;-74;-45.0247759043431;-64.8164396758369;-45.024767694735;-54.5780622374252;-9.18356032416305;-19.4219377625748
40;3;8;55.013209;82.9530974;138256652;159.089748361687;-74;-44.9876824011003;-65.6270942425787;-44.9876739333239;-72.4268844661109;-8.37290575742125;-1.57311553388912
40;3;8;55.0132098;82.9530959;138256652;158.983696944371;-74;-44.9814472704948;-72.6595761968844;-44.9814388937368;-50.2720171674685;-1.34042380311561;-23.7279828325315
40;3;8;55.0132169;82.9530942;138256652;158.779065747801;-74;-44.9694050322063;-62.9679216161128;-44.969397461551;-64.4118890438172;-11.0320783838872;-9.58811095618276
40;3;8;55.0132172;82.9530952;138256652;158.838342789737;-74;-44.9728949246278;-69.7632128872008;-44.9728873878492;-70.0984521286055;-4.23678711279916;-3.90154787139447
40;3;8;55.0132172;82.9530952;138256652;158.838342789737;-74;-44.9728949246278;-76.53796457655;-44.9728873878492;-69.5729771305138;2.53796457655;-4.42702286948618
40;3;8;55.013217;82.953094;138256652;158.765067099577;-74;-44.9685806900267;-80.2182248706305;-44.9685731307788;-60.2006168791375;6.21822487063045;-13.7993831208625
40;3;8;55.013217;82.953094;138256652;158.765067099577;-74;-44.9685806900267;-58.1449962499628;-44.9685731307788;-79.2459520784731;-15.8550037500372;5.24595207847307
40;3;8;55.0132079;82.9530966;138256652;159.054589360215;-74;-44.9856157224748;-69.560572063306;-44.985607130315;-70.3377819754619;-4.43942793669403;-3.66221802453812
40;3;8;55.0132079;82.9530966;138256652;159.054589360215;-74;-44.9856157224748;-81.2650915254059;-44.985607130315;-70.7612408859242;7.26509152540588;-3.2387591140758
40;3;8;55.0132082;82.953098;138256652;159.138913976776;-74;-44.9905716683432;-71.6030142354465;-44.9905631097979;-59.4584953285671;-2.39698576455353;-14.5415046714329
40;3;8;55.0132082;82.953098;138256652;159.138913976776;-74;-44.9905716683432;-71.2240913288123;-44.9905631097979;-64.7776660162187;-2.77590867118766;-9.22233398378128
40;3;8;55.0132084;82.9530974;138256652;159.09815696285;-74;-44.9881766016657;-78.6494321975442;-44.9881680659247;-69.0915822339614;4.64943219754424;-4.90841776603861
40;3;8;55.0132084;82.9530974;138256652;159.09815696285;-74;-44.9881766016657;-59.2785224573395;-44.9881680659247;-78.8483873846851;-14.7214775426605;4.84838738468508
40;3;8;55.013211;82.953101;138256652;159.289664755169;-74;-44.9994253666415;-92.1700477599564;-44.9994171246641;-67.1762097182451;18.1700477599564;-6.8237902817549
40;3;8;55.0132083;82.9530965;138256652;159.042638802802;-74;-44.9849131580705;-72.4157536869711;-44.9849046112331;-51.0043235800728;-1.58424631302891;-22.9956764199272
40;3;8;55.0132083;82.9530965;138256652;159.042638802802;-74;-44.9849131580705;-66.7676023563875;-44.9849046112331;-63.1182187526896;-7.23239764361254;-10.8817812473104
40;3;8;55.0132082;82.953096;138256652;159.012421120001;-74;-44.9831364574508;-69.9542537294454;-44.9831278994163;-70.7518413209674;-4.04574627055456;-3.24815867903263
40;3;8;55.0131992;82.9531004;138256652;159.420121200538;-74;-45.0070806921532;-66.730659384605;-45.007071115566;-69.9118807974903;-7.269340615395;-4.08811920250974
40;3;8;55.0131931;82.9530985;138256652;159.391341313667;-74;-45.0053923729927;-61.7429924654672;-45.0053821097206;-62.3370117019623;-12.2570075345328;-11.6629882980377
40;3;8;55.0131873;82.9530946;138256652;159.234591286508;-74;-44.9961917937825;-81.8631380215676;-44.9961808802439;-80.4929547224407;7.86313802156764;6.4929547224407
40;3;8;55.0131856;82.953092;138256652;159.0972413198;-74;-44.9881227875885;-79.2253320916052;-44.9881116843776;-63.8605480788008;5.22533209160518;-10.1394519211992
40;3;8;55.013185;82.9530909;138256652;159.037323893029;-74;-44.9846006822324;-55.6430749411916;-44.9845895121959;-67.3158007335899;-18.3569250588084;-6.68419926641013
40;3;8;55.0131847;82.9530903;138256652;159.00422362944;-74;-44.9826544161657;-77.9303450073654;-44.9826432127452;-67.7561887272127;3.93034500736542;-6.24381127278726
40;3;8;55.0131846;82.9530898;138256652;158.974261443161;-74;-44.9808923317988;-75.2693112225842;-44.9808811173646;-79.3533324539112;1.26931122258421;5.35333245391124
40;3;8;55.0131846;82.9530895;138256652;158.955330656437;-74;-44.9797788431671;-68.0447066387132;-44.9797676288457;-61.8206569350252;-5.95529336128682;-12.1793430649748
40;3;8;55.0131845;82.9530893;138256652;158.944300780344;-74;-44.9791300191228;-76.8892789940603;-44.9791187936761;-72.877293508902;2.88927899406028;-1.122706491098
40;3;8;55.0131845;82.9530892;138256652;158.93799060135;-74;-44.9787588082771;-61.4455506038292;-44.9787475828681;-55.7011350034708;-12.5544493961708;-18.2988649965292
40;3;8;55.0131845;82.9530891;138256652;158.931680429197;-74;-44.9783875837264;-61.2351674213433;-44.978376358355;-71.1063395285328;-12.7648325786567;-2.89366047146723
40;3;8;55.0131845;82.9530891;138256652;158.931680429197;-74;-44.9783875837264;-72.5777396928095;-44.978376358355;-63.0572154845717;-1.4222603071905;-10.9427845154283
40;3;8;55.0131845;82.953089;138256652;158.925370261478;-74;-44.978016345328;-81.5924410116271;-44.9780051199943;-70.4895881993824;7.59244101162706;-3.51041180061765
40;3;8;55.0131845;82.953089;138256652;158.925370261478;-74;-44.978016345328;-65.5939520174419;-44.9780051199943;-78.5300640763861;-8.40604798255815;4.53006407638611
40;3;8;55.0131845;82.953089;138256652;158.925370261478;-74;-44.978016345328;-72.2527055503017;-44.9780051199943;-61.0770735096753;-1.74729444969832;-12.9229264903247
40;3;8;55.0131845;82.953089;138256652;158.925370261478;-74;-44.978016345328;-58.5561596004326;-44.9780051199943;-54.3293913573253;-15.4438403995674;-19.6706086426747
40;3;8;55.0131845;82.953089;138256652;158.925370261478;-74;-44.978016345328;-64.505990762437;-44.9780051199943;-89.3299125816026;-9.49400923756301;15.3299125816026
40;3;8;55.0131933;82.9531007;138256652;159.527257757458;-74;-45.0133630971125;-59.6616421165505;-45.0133528556257;-83.1474499845789;-14.3383578834495;9.14744998457887
40;3;8;55.0131943;82.9531024;138256652;159.619511672033;-74;-45.0187695591344;-78.8963680340264;-45.0187594296581;-76.1944902092895;4.89636803402637;2.19449020928947
40;3;8;55.0131925;82.9531009;138256652;159.552049375092;-74;-45.0148162828333;-68.7811354901502;-45.0148059512738;-65.2219890336681;-5.21886450984978;-8.77801096633188
40;3;8;55.0131925;82.9530993;138256652;159.450998821239;-74;-45.0088917465362;-79.3624628997272;-45.0088814155046;-73.6576027243992;5.36246289972721;-0.342397275600831
40;3;8;55.0131924;82.9530989;138256652;159.427260911132;-74;-45.0074994849731;-60.0811326349305;-45.0074891428259;-63.6770147653882;-13.9188673650695;-10.3229852346118
40;3;8;55.0131924;82.9530987;138256652;159.414629837298;-74;-45.0067585739527;-72.402613185482;-45.0067482318718;-77.5869504526074;-1.59738681451802;3.58695045260744
40;3;8;55.0131924;82.9530986;138256652;159.408314307574;-74;-45.0063880977861;-63.0361121758958;-45.0063777557383;-58.3876545467285;-10.9638878241042;-15.6123454532715
40;3;8;55.0131924;82.9530986;138256652;159.408314307574;-74;-45.0063880977861;-70.2744634710401;-45.0063777557383;-67.6600690990948;-3.72553652895991;-6.33993090090523
40;3;8;55.0131924;82.9530986;138256652;159.408314307574;-74;-45.0063880977861;-58.5627712641436;-45.0063777557383;-67.6250585632736;-15.4372287358564;-6.37494143672637
40;3;8;55.0131924;82.9530986;138256652;159.408314307574;-74;-45.0063880977861;-69.8407568468067;-45.0063777557383;-80.376408631889;-4.15924315319332;6.37640863188896
40;3;8;55.01319;82.9530891;138256652;158.845321466105;-74;-44.9733057070644;-56.4595062981197;-44.9732950985142;-61.0976334876373;-17.5404937018803;-12.9023665123627
40;3;8;55.0131891;82.9530842;138256652;158.549961853555;-74;-44.9559049744558;-64.1533784803219;-44.9558942665892;-61.995181506063;-9.84662151967808;-12.004818493937
40;3;8;55.013191;82.9530798;138256652;158.242667200902;-74;-44.9377681458358;-72.0327540491636;-44.9377576528055;-66.7604628188006;-1.96724595083639;-7.23953718119938
40;3;8;55.0131937;82.9530787;138256652;158.131701078212;-74;-44.931210534364;-61.1112160005551;-44.9312003451032;-64.3675689884017;-12.8887839994449;-9.63243101159826
40;3;8;55.0131965;82.9530758;138256652;157.906046521175;-74;-44.9178617482402;-64.181216273579;-44.9178518749309;-69.2311553471312;-9.81878372642096;-4.76884465286875
40;3;8;55.0131978;82.9530801;138256652;158.158179246689;-74;-44.9327756779291;-63.0429695040632;-44.9327659496633;-71.6870129955335;-10.9570304959368;-2.31298700446651
40;3;8;55.0131947;82.9530801;138256652;158.204890986968;-74;-44.9355362312773;-91.1046262210392;-44.935526154023;-71.7021291829757;17.1046262210392;-2.29787081702428
40;3;8;55.0131961;82.9530796;138256652;158.152119723557;-74;-44.932417517286;-68.9304220983451;-44.9324075977376;-68.752132698627;-5.06957790165492;-5.24786730137298
40;3;8;55.0131961;82.9530796;138256652;158.152119723557;-74;-44.932417517286;-77.3177586780631;-44.9324075977376;-71.9528338921694;3.31775867806309;-2.04716610783061
40;3;8;55.0132045;82.9530851;138256652;158.375839569252;-74;-44.9456322426598;-64.9952157230261;-44.9456232689396;-63.1234388995558;-9.00478427697387;-10.8765611004442
40;3;8;55.0132049;82.9530855;138256652;158.395372550493;-74;-44.9467851724338;-84.490418174647;-44.9467762438141;-63.318584900882;10.490418174647;-10.681415099118
40;3;8;55.0132046;82.9530854;138256652;158.393365710623;-74;-44.9466667254382;-76.4524633461559;-44.9466577629371;-62.5436039135504;2.45246334615587;-11.4563960864496
40;3;8;55.0131914;82.9530904;138256652;158.905796082061;-74;-44.9768646717397;-72.9411663702465;-44.9768542200152;-65.6639620383826;-1.05883362975345;-8.33603796161735
40;3;8;55.0131753;82.95309;138256652;159.138024723856;-74;-44.9905194180818;-52.262240247655;-44.9905071642703;-63.379706918815;-21.737759752345;-10.620293081185
40;3;8;55.0131746;82.9530844;138256652;158.7966618126;-74;-44.9704411177602;-74.0109281954613;-44.9704287883479;-63.374149944694;0.0109281954613181;-10.625850055306
40;3;8;55.0131787;82.9530796;138256652;158.426158449732;-74;-44.9486020269616;-70.2634261391969;-44.9485901568229;-52.0383146823549;-3.73657386080309;-21.9616853176451
40;3;8;55.0131807;82.9530776;138256652;158.267338206301;-74;-44.9392254962443;-64.5689720802918;-44.9392138502721;-64.3201380183904;-9.43102791970816;-9.67986198160958
40;3;8;55.0131815;82.9530768;138256652;158.203881780831;-74;-44.9354765978252;-75.7699496181244;-44.9354650415704;-59.2185921552403;1.76994961812443;-14.7814078447597
40;3;8;55.0131818;82.9530766;138256652;158.186403972329;-74;-44.9344437857061;-71.6603468441492;-44.9344322630631;-75.6991492571184;-2.33965315585077;1.69914925711844
40;3;8;55.0131788;82.9530791;138256652;158.392987450764;-74;-44.9466443997573;-78.516603321467;-44.9466325409878;-67.7721866818309;4.51660332146697;-6.22781331816907
40;3;8;55.0131784;82.9530802;138256652;158.468920809295;-74;-44.9511251214056;-71.5094439182059;-44.9511132175331;-49.7215709419466;-2.49055608179405;-24.2784290580534
40;3;8;55.013181;82.9530829;138256652;158.596754582776;-74;-44.9586637751549;-68.4655957566525;-44.9586521605825;-68.6322818154111;-5.53440424334754;-5.3677181845889
40;3;8;55.0131825;82.9530812;138256652;158.465268894707;-74;-44.9509096740509;-73.8019907515366;-44.9508982278645;-55.6247472231786;-0.198009248463421;-18.3752527768214
40;3;8;55.0131912;82.9530836;138256652;158.47950513106;-74;-44.951749524319;-68.4710337339966;-44.9517390524435;-67.1331862309424;-5.52896626600335;-6.86681376905761
40;3;8;55.0131989;82.9530936;138256652;158.99482757877;-74;-44.9821018660678;-64.7525087874163;-44.9820922576689;-64.0759498660497;-9.24749121258374;-9.92405013395026
40;3;8;55.0132089;82.9531139;138256652;160.13483578747;-74;-45.048914757291;-79.407300020519;-45.0489062740652;-80.7856164412809;5.407300020519;6.78561644128089
40;3;8;55.0132335;82.9531282;138256652;160.722160601774;-74;-45.0831587260928;-52.4817012470478;-45.0831530427028;-73.4076946455749;-21.5182987529522;-0.592305354425136
40;3;8;55.0132227;82.9530589;138256652;156.467521706317;-74;-44.8323332485021;-62.6951124473469;-44.8323263446744;-76.1284651901962;-11.3048875526531;2.12846519019618
40;3;8;55.0132116;82.9530851;138256652;158.275494683446;-74;-44.9397072628173;-59.7484429178918;-44.9396990927237;-60.9211509339001;-14.2515570821082;-13.0788490660999
40;3;8;55.0131925;82.953113;138256652;160.31628363256;-74;-45.0595068984712;-70.5508434288464;-45.059496562951;-69.6476547387392;-3.44915657115358;-4.35234526126081
40;3;8;55.0131724;82.9531134;138256652;160.66141297444;-74;-45.0796223996986;-61.9242014969196;-45.0796098125229;-85.778909670187;-12.0757985030804;11.778909670187
40;3;8;55.0131527;82.9531268;138256652;161.847362998936;-74;-45.1484300378;-64.5469274171115;-45.1484152588714;-70.6522886451317;-9.45307258288852;-3.34771135486825
40;3;8;55.0131419;82.9531557;138256652;163.862894674197;-74;-45.2642677398438;-77.5618185682442;-45.2642517549017;-70.9375331018646;3.56181856824416;-3.06246689813538
40;3;8;55.0131182;82.9532393;138256652;169.568072161621;-74;-45.5848902385286;-52.2560069234615;-45.5848716056344;-94.4406703825081;-21.7439930765385;20.4406703825081
40;3;8;55.0131182;82.9532393;138256652;169.568072161621;-74;-45.5848902385286;-77.908701978055;-45.5848716056344;-88.0238855809831;3.90870197805498;14.0238855809831
40;3;8;55.0131075;82.9532985;138256652;173.494565115499;-74;-45.7995792260303;-58.4966925151481;-45.7995593859703;-75.4853821987434;-15.5033074848519;1.48538219874338
40;3;8;55.0131043;82.9533237;138256652;175.139108042232;-74;-45.8881098833729;-66.9848536189526;-45.8880896768866;-65.957888165795;-7.01514638104737;-8.04211183420497
40;3;8;55.0130971;82.9533451;138256652;176.626605074136;-74;-45.967498327006;-71.6962918086123;-45.967477323074;-68.2879999876233;-2.30370819138773;-5.71200001237668
40;3;8;55.0130722;82.9533846;138256652;179.625203926501;-74;-46.1255917033307;-73.3716540983839;-46.1255679849534;-79.2891328716185;-0.628345901616072;5.28913287161851
40;3;8;55.0130622;82.9534026;138256652;180.970714471742;-74;-46.1957031793294;-68.2520673329756;-46.1956783765838;-69.3881523023803;-5.74793266702437;-4.61184769761971
40;3;8;55.0130455;82.9534497;138256652;184.289464186409;-74;-46.3665033356868;-56.846163856508;-46.3664767128215;-68.3274265874717;-17.153836143492;-5.67257341252834
40;3;8;55.0130455;82.9534497;138256652;184.289464186409;-74;-46.3665033356868;-71.556854163489;-46.3664767128215;-70.8405267210471;-2.44314583651101;-3.15947327895289
40;3;8;55.0130239;82.9534814;138256652;186.774521782083;-74;-46.4924591854061;-70.220682304733;-46.4924302571373;-71.2970212303985;-3.77931769526704;-2.70297876960151
40;3;8;55.0130239;82.9534814;138256652;186.774521782083;-74;-46.4924591854061;-62.27074816352;-46.4924302571373;-69.2450161029257;-11.72925183648;-4.75498389707428
40;3;8;55.0130061;82.9535056;138256652;188.717578226758;-74;-46.5898176490522;-53.9250955306875;-46.5897868406264;-68.6257859205194;-20.0749044693125;-5.37421407948061
40;3;8;55.0130061;82.9535056;138256652;188.717578226758;-74;-46.5898176490522;-70.5420513912704;-46.5897868406264;-64.4496327632473;-3.45794860872962;-9.55036723675272
40;3;8;55.0129895;82.9535402;138256652;191.287619504674;-74;-46.7171094465223;-71.986515841994;-46.717076880789;-61.5335748817378;-2.01348415800601;-12.4664251182622
40;3;8;55.0129895;82.9535402;138256652;191.287619504674;-74;-46.7171094465223;-75.8982493543891;-46.717076880789;-68.9047029869432;1.89824935438911;-5.09529701305675
40;3;8;55.0129769;82.9535762;138256652;193.847320296755;-74;-46.8422503036587;-77.8970946667762;-46.842216395695;-72.0471416764533;3.89709466677616;-1.95285832354671
40;3;8;55.0129769;82.9535762;138256652;193.847320296755;-74;-46.8422503036587;-67.0253800031624;-46.842216395695;-80.2382589534022;-6.97461999683759;6.23825895340224
40;3;8;55.0129608;82.9536087;138256652;196.287930698044;-74;-46.9600835341826;-72.7859954461803;-46.9600479407635;-85.69647184552;-1.21400455381969;11.69647184552
40;3;8;55.0129608;82.9536087;138256652;196.287930698044;-74;-46.9600835341826;-73.3463413971534;-46.9600479407635;-83.8056499199653;-0.653658602846605;9.80564991996533
40;3;8;55.0129432;82.953652;138256652;199.444738348827;-74;-47.1104007063465;-67.9846296888078;-47.1103632678301;-66.7814162825562;-6.01537031119223;-7.21858371744378
40;3;8;55.0129432;82.953652;138256652;199.444738348827;-74;-47.1104007063465;-71.7317833466296;-47.1103632678301;-79.0378363793289;-2.26821665337042;5.03783637932885
40;3;8;55.012923;82.9536875;138256652;202.201863342265;-74;-47.2398051363775;-86.7295490219557;-47.2397656210315;-75.4808393239079;12.7295490219557;1.48083932390792
40;3;8;55.0129153;82.9537075;138256652;203.65448624583;-74;-47.3072942592098;-81.1210072255735;-47.3072539434223;-86.2974421574914;7.12100722557345;12.2974421574914
40;3;8;55.0129095;82.9537263;138256652;204.979406256793;-74;-47.3684427969015;-62.3406161048465;-47.3684018714811;-66.4545599541846;-11.6593838951535;-7.54544004581544
40;3;8;55.0128967;82.953764;138256652;207.671939677506;-74;-47.4915328251711;-77.7159056064235;-47.4914905651154;-89.0890570624227;3.71590560642355;15.0890570624227
40;3;8;55.0128884;82.9537841;138256652;209.152176181782;-74;-47.5585413504938;-78.9076412825162;-47.5584982368812;-80.3978637903673;4.90764128251618;6.39786379036731
40;3;8;55.0128674;82.953815;138256652;211.679799708987;-74;-47.6719019173208;-69.8526806156303;-47.671856702019;-73.4902677165368;-4.14731938436969;-0.509732283463208
40;3;8;55.0128674;82.953815;138256652;211.679799708987;-74;-47.6719019173208;-62.085088794097;-47.671856702019;-73.6548998761853;-11.914911205903;-0.345100123814703
40;3;8;55.0128476;82.9538456;138256652;214.165271888246;-74;-47.7820915184466;-63.7157536985255;-47.7820443365597;-70.1976741616256;-10.2842463014745;-3.80232583837436
40;3;8;55.0128476;82.9538456;138256652;214.165271888246;-74;-47.7820915184466;-77.5196698312899;-47.7820443365597;-70.5606708541406;3.51966983128989;-3.43932914585936
40;3;8;55.0128263;82.9538809;138256652;216.997194127379;-74;-47.9061290432276;-68.2763969623656;-47.9060797586453;-69.0384456829872;-5.7236030376344;-4.96155431701281
40;3;8;55.0128263;82.9538809;138256652;216.997194127379;-74;-47.9061290432276;-77.391352565621;-47.9060797586453;-79.4947296994316;3.39135256562099;5.49472969943157
40;3;8;55.0128086;82.9539034;138256652;218.943304298178;-74;-47.9904549373846;-75.3238844287839;-47.9904039406521;-64.3564069737281;1.32388442878391;-9.6435930262719
40;3;8;55.0128086;82.9539034;138256652;218.943304298178;-74;-47.9904549373846;-68.9463826046233;-47.9904039406521;-65.8984272526661;-5.05361739537666;-8.10157274733388
40;3;8;55.0127915;82.9539398;138256652;221.724397906111;-74;-48.1096983394747;-69.3824023719845;-48.1096456566014;-85.9389481082137;-4.61759762801549;11.9389481082137
40;3;8;55.0127915;82.9539398;138256652;221.724397906111;-74;-48.1096983394747;-80.9774841065871;-48.1096456566014;-79.4855547409621;6.97748410658713;5.48555474096206
40;3;8;55.0127829;82.9539931;138256652;225.253139019081;-74;-48.2589104669671;-66.0676358269419;-48.2588568275705;-74.3744979830132;-7.93236417305806;0.374497983013185
40;3;8;55.0127829;82.9539931;138256652;225.253139019081;-74;-48.2589104669671;-67.5938543469272;-48.2588568275705;-83.9871637195277;-6.4061456530728;9.98716371952773
40;3;8;55.0127668;82.9540293;138256652;227.993397532889;-74;-48.3732125207485;-76.399820354789;-48.3731572955934;-74.6796233281559;2.39982035478899;0.679623328155856
40;3;8;55.0127668;82.9540293;138256652;227.993397532889;-74;-48.3732125207485;-76.9161533930907;-48.3731572955934;-83.9595457352247;2.91615339309065;9.95954573522471
40;3;8;55.0127514;82.9540534;138256652;229.98013780236;-74;-48.4552458184288;-64.0849391439667;-48.4551891197015;-63.9978321410578;-9.91506085603326;-10.0021678589422
40;3;8;55.0127345;82.9540814;138256652;232.261069669099;-74;-48.5485749180903;-74.3947030460903;-48.5485166078871;-84.4008473477765;0.394703046090342;10.4008473477765
40;3;8;55.012727;82.9540948;138256652;233.334325779221;-74;-48.5921792166171;-65.3596868857416;-48.5921201912271;-82.5853323414654;-8.64031311425845;8.58533234146542
40;3;8;55.0127191;82.9541098;138256652;234.519607571312;-74;-48.6401071042395;-76.0895902430554;-48.6400473243738;-74.0197345383569;2.08959024305537;0.0197345383569001
40;3;8;55.0127121;82.9541282;138256652;235.879535517457;-74;-48.6948053546769;-77.4717604902196;-48.694744888507;-82.8819599635045;3.47176049021961;8.88195996350446
40;3;8;55.0127079;82.9541453;138256652;237.061855414734;-74;-48.7421093117261;-60.3781627155762;-48.7420484110084;-87.3578743134027;-13.6218372844238;13.3578743134027
40;3;8;55.012703;82.9541601;138256652;238.130200953775;-74;-48.7846546852128;-77.0328712732606;-48.7845932974897;-70.1566920022107;3.03287127326055;-3.84330799778932
40;3;8;55.0126964;82.9541793;138256652;239.525144492651;-74;-48.839925456375;-76.6914576402814;-48.8398634161363;-76.4028169539933;2.69145764028141;2.40281695399328
40;3;8;55.0126924;82.9542021;138256652;241.044662049899;-74;-48.8997739664933;-87.9724504085565;-48.8997114874489;-87.5269405246291;13.9724504085565;13.5269405246291
40;3;8;55.0126895;82.9542229;138256652;242.404153233112;-74;-48.9530066761349;-67.4890707447317;-48.9529438623715;-80.098285128748;-6.51092925526832;6.09828512874805
40;3;8;55.0126866;82.9542432;138256652;243.733505866089;-74;-49.0047767056891;-72.5073622135292;-49.0047135592387;-77.4671375730398;-1.49263778647079;3.46713757303984
40;3;8;55.0126833;82.9542642;138256652;245.11942776099;-74;-49.0584554863029;-70.070938415557;-49.0583919694755;-68.0605765017577;-3.92906158444298;-5.93942349824235
40;3;8;55.0126819;82.954284;138256652;246.365374300467;-74;-49.1064590735602;-80.8419335882199;-49.1063953577951;-75.4564116683496;6.84193358821992;1.45641166834959
40;3;8;55.0126779;82.9543027;138256652;247.637264771326;-74;-49.1552169595777;-78.0519677093068;-49.1551528209153;-72.8218402514613;4.05196770930684;-1.17815974853873
40;3;8;55.0126669;82.9543391;138256652;250.227503702565;-74;-49.2537577176395;-78.4044017336574;-49.253692474337;-82.4333792024277;4.40440173365737;8.43337920242773
40;3;8;55.0126427;82.9543807;138256652;253.608801032753;-74;-49.3808953940421;-60.281022599774;-49.3808278817899;-95.2946568293283;-13.718977400226;21.2946568293283
40;3;8;55.0126321;82.9543975;138256652;255.007821100542;-74;-49.4330123054784;-82.7835568686081;-49.4329438116609;-76.4202936178461;8.78355686860813;2.4202936178461
40;3;8;55.0126236;82.9544189;138256652;256.608137176512;-74;-49.4922843979198;-81.9221986840111;-49.4922150858617;-62.4904120245481;7.92219868401111;-11.5095879754519
40;3;8;55.0126137;82.9544428;138256652;258.411390098817;-74;-49.5586388012812;-78.4097012203557;-49.5585685424791;-79.6998585052984;4.40970122035574;5.69985850529835
40;3;8;55.0126048;82.9544688;138256652;260.304589093594;-74;-49.6278146554527;-69.4010920295919;-49.6277435273347;-77.1134201842717;-4.59890797040813;3.11342018427167
40;3;8;55.012597;82.9544946;138256652;262.145206761107;-74;-49.6945963077536;-76.517954814262;-49.6945244052318;-86.225473558414;2.51795481426203;12.225473558414
40;3;8;55.0125893;82.95452;138256652;263.958332428992;-74;-49.7599308734269;-74.9875586499423;-49.7598582073026;-74.0153478660611;0.987558649942301;0.0153478660611484
40;3;8;55.0125843;82.9545457;138256652;265.688450318229;-74;-49.821863767242;-74.2339960813785;-49.8217905641246;-80.9073367421764;0.233996081378521;6.9073367421764
40;3;8;55.0125793;82.9545665;138256652;267.124416291724;-74;-49.8729661550944;-85.6826473519539;-49.8728924370306;-85.4062195430237;11.6826473519539;11.4062195430237
40;3;8;55.0125767;82.9545784;138256652;267.936194620523;-74;-49.9017357432728;-82.155684875941;-49.9016617525839;-67.4939511970347;8.15568487594102;-6.50604880296532
40;3;8;55.0125725;82.9545958;138256652;269.138105548618;-74;-49.9441744707049;-78.2019642838153;-49.9441000478671;-77.6706778905696;4.20196428381531;3.67067789056958
40;3;8;55.0125644;82.9546211;138256652;270.960661632626;-74;-50.0081729874644;-83.314612540329;-50.0080977688691;-55.16899287334;9.31461254032899;-18.83100712666
40;3;8;55.0125559;82.9546461;138256652;272.780664887892;-74;-50.0716601005296;-69.7673243614745;-50.0715840547656;-82.7155131802562;-4.23267563852552;8.71551318025618
40;3;8;55.0125464;82.9546681;138256652;274.459236721706;-74;-50.1298447918117;-74.9396129010647;-50.1297678503637;-63.5665691919206;0.939612901064663;-10.4334308080794
40;3;8;55.0125248;82.9547121;138256652;277.919090790999;-74;-50.2486760694232;-81.2423723619657;-50.2485971275064;-84.6078624806042;7.24237236196569;10.6078624806042
40;3;8;55.0125248;82.9547121;138256652;277.919090790999;-74;-50.2486760694232;-98.2508615494573;-50.2485971275064;-77.8434100284964;24.2508615494573;3.84341002849639
40;3;8;55.0428263;82.9220779;138256652;3744.85751339367;-78;-82.3699818530896;-122.016672564595;-94.780598102731;-121.046171498875;44.0166725645949;43.0461714988747
40;3;8;55.0431164;82.9227905;138256652;3751.39533436413;-78;-82.4002820976241;-129.967090968966;-94.8108328884104;-111.075531123558;51.9670909689663;33.0755311235579
40;3;8;55.0435422;82.9228373;138256652;3791.78265583146;-78;-82.586298946431;-119.488933697871;-94.996834479989;-124.250901275426;41.4889336978711;46.2509012754257
40;3;8;55.0435683;82.9228168;138256652;3794.95882176126;-78;-82.6008436727536;-136.71734229308;-95.0113801548636;-112.705014150319;58.7173422930796;34.705014150319
40;3;8;55.039511;82.960829;138256652;2976.59659731718;-74;-78.3815685070722;-114.232672912968;-90.7909449498817;-111.527720033023;40.2326729129679;37.5277200330231
40;3;8;55.0395007;82.9608465;138256652;2975.72307691408;-74;-78.3764701055997;-121.58589832562;-90.7858475333243;-131.444099560496;47.5858983256202;57.4440995604962
40;3;8;55.0394896;82.9608447;138256652;2974.4936737332;-74;-78.3692920179848;-127.331593587829;-90.7786694595477;-121.610223155582;53.3315935878291;47.6102231555816
40;3;8;55.0394851;82.960846;138256652;2974.02361293888;-74;-78.3665467010435;-91.8610892903172;-90.7759242512839;-116.077904082882;17.8610892903172;42.0779040828822
40;3;8;55.0394763;82.960835;138256652;2972.91530813767;-74;-78.3600721014703;-123.154626734951;-90.7694491767229;-113.638475238491;49.154626734951;39.6384752384909
40;3;8;55.0129029;82.953745;138256652;206.321932902071;-74;-47.4300124812574;-80.9028277563443;-47.4299708687514;-78.79651884035;6.90282775634434;4.79651884034996
40;3;8;55.0126742;82.9543191;138256652;248.759545535333;-74;-49.1980357349537;-82.7096473233531;-49.1979712085899;-72.2794583096107;8.70964732335305;-1.72054169038928
40;3;8;55.0126565;82.9543603;138256652;251.87967312791;-74;-49.3160892679697;-75.2722752539548;-49.3160230338889;-93.167219291204;1.27227525395485;19.167219291204
40;3;8;55.0132218;82.9531289;138256652;160.911677118376;-74;-45.0941829041061;-67.7392542846494;-45.0941758840892;-64.879345215252;-6.26074571535055;-9.12065478474804
40;3;8;55.0131319;82.9531834;138256652;165.792378630279;-74;-45.3738860692326;-55.5544464206413;-45.3738689702958;-76.4416817539327;-18.4455535793587;2.44168175393266
40;3;8;55.0130845;82.9533623;138256652;177.965938166011;-74;-46.0384290182128;-67.2301626330039;-46.0384066396148;-64.89384428191;-6.76983736699606;-9.10615571808998
40;3;8;55.0127514;82.9540534;138256652;229.98013780236;-74;-48.4552458184288;-72.8474056378446;-48.4551891197015;-76.8879397863769;-1.15259436215536;2.88793978637692
40;3;8;55.0425654;82.9228242;138256652;3696.49821205495;-78;-82.1441989576124;-125.037793288908;-94.5547619671774;-124.708666693638;47.0377932889079;46.7086666936384
40;3;8;55.0395578;82.9607284;138256652;2980.28242121709;-74;-78.4030647776727;-128.361584276294;-90.812435709604;-122.374541623783;54.3615842762942;48.3745416237827
40;3;8;55.0396025;82.9607187;138256652;2985.00211784354;-74;-78.430551968009;-124.693855071417;-90.8399220008368;-122.733285216117;50.6938550714166;48.7332852161169
40;3;8;55.0396436;82.9607068;138256652;2989.30167203487;-74;-78.4555544786189;-119.898495981756;-90.8649235383621;-110.733588506059;45.8984959817557;36.7335885060588
40;3;8;55.0396551;82.9607082;138256652;2990.56967530619;-74;-78.4629212299554;-113.526289335011;-90.872290254222;-104.854541986769;39.5262893350108;30.854541986769
40;3;8;55.0396597;82.9606993;138256652;2990.94734140708;-74;-78.4651147628316;-133.744626721157;-90.8744833005431;-107.979277109818;59.7446267211571;33.9792771098176
40;3;8;55.0131829;82.9530908;138256652;159.06449246387;-74;-44.9861978803056;-64.9283836331307;-44.986186475149;-73.1867694227192;-9.07161636686929;-0.813230577280819
